1111111,4,Prof. Manuel Sentillas,CICT,Present
1111111,4,Prof. Manuel Sentillas,CICT,Present
1111111,4,Prof. Manuel Sentillas,CICT,Present
1111111,4,Prof. Manuel Sentillas,CICT,Present
1111111,4,Prof. Manuel Sentillas,CICT,Present
1111111,4,Prof. Manuel Sentillas,CICT,Present
1111111,4,Prof. Manuel Sentillas,CICT,Present
1111111,4,Prof. Manuel Sentillas,CICT,Present
1111111,4,Prof. Manuel Sentillas,CICT,Present
1111111,4,Prof. Manuel Sentillas,CICT,Present
1111111,4,Prof. Manuel Sentillas,CICT,Present
1111111,4,Prof. Manuel Sentillas,CICT,Present
1111111,4,Prof. Manuel Sentillas,CICT,Present
1111111,4,Prof. Manuel Sentillas,CICT,Present
1111111,4,Prof. Manuel Sentillas,CICT,Present
